user_id,created_at,platform,country,ab_group
1,2025-04-07,Android,France,A
2,2025-04-02,iOS,Poland,B
3,2025-04-02,iOS,France,B
4,2025-04-08,Android,UK,A
5,2025-04-06,Android,Germany,A
6,2025-04-07,iOS,Germany,B
7,2025-04-06,iOS,Poland,A
8,2025-04-09,iOS,France,A
9,2025-04-07,Android,Ukraine,B
10,2025-04-04,Android,UK,A
11,2025-04-10,Android,Poland,B
12,2025-04-05,iOS,Poland,A
13,2025-04-09,Android,UK,B
14,2025-04-08,Android,Germany,B
15,2025-04-01,Android,Poland,B
16,2025-04-06,Android,Poland,A
17,2025-04-02,iOS,France,B
18,2025-04-06,Android,Poland,A
19,2025-04-06,iOS,France,B
20,2025-04-03,iOS,Germany,A
21,2025-04-08,iOS,France,B
22,2025-04-07,iOS,Germany,A
23,2025-04-09,Android,France,B
24,2025-04-05,Android,Germany,B
25,2025-04-07,iOS,France,B
26,2025-04-01,iOS,Ukraine,A
27,2025-04-02,Android,Germany,A
28,2025-04-03,Android,Germany,A
29,2025-04-02,iOS,France,B
30,2025-04-08,iOS,France,B
31,2025-04-10,iOS,Germany,A
32,2025-04-05,Android,Germany,B
33,2025-04-03,Android,Poland,A
34,2025-04-06,Android,France,A
35,2025-04-10,iOS,UK,A
36,2025-04-02,Android,Poland,A
37,2025-04-06,Android,UK,A
38,2025-04-07,iOS,UK,A
39,2025-04-03,Android,Germany,B
40,2025-04-01,iOS,Germany,B
41,2025-04-04,iOS,UK,B
42,2025-04-07,Android,France,A
43,2025-04-07,Android,Germany,A
44,2025-04-08,iOS,France,B
45,2025-04-10,Android,Ukraine,A
46,2025-04-04,Android,Ukraine,B
47,2025-04-10,iOS,UK,B
48,2025-04-06,Android,Ukraine,B
49,2025-04-07,iOS,Poland,A
50,2025-04-07,iOS,Germany,B
51,2025-04-08,Android,France,B
52,2025-04-01,Android,Germany,B
53,2025-04-05,Android,Poland,B
54,2025-04-07,iOS,UK,B
55,2025-04-06,iOS,Germany,B
56,2025-04-10,iOS,France,B
57,2025-04-06,Android,Germany,A
58,2025-04-05,Android,France,A
59,2025-04-04,Android,Poland,A
60,2025-04-02,iOS,Germany,A
61,2025-04-01,Android,Poland,A
62,2025-04-05,Android,Poland,B
63,2025-04-10,iOS,Germany,A
64,2025-04-09,iOS,Poland,B
65,2025-04-03,Android,Germany,B
66,2025-04-10,Android,UK,B
67,2025-04-02,iOS,Poland,A
68,2025-04-10,iOS,UK,B
69,2025-04-10,Android,Germany,B
70,2025-04-04,Android,Poland,B
71,2025-04-09,iOS,Germany,B
72,2025-04-07,iOS,Germany,B
73,2025-04-07,iOS,Germany,A
74,2025-04-04,iOS,France,B
75,2025-04-10,Android,Germany,B
76,2025-04-09,iOS,UK,A
77,2025-04-02,iOS,France,B
78,2025-04-10,Android,Germany,A
79,2025-04-10,iOS,France,B
80,2025-04-05,iOS,France,A
81,2025-04-05,Android,France,B
82,2025-04-05,iOS,Germany,A
83,2025-04-06,Android,France,A
84,2025-04-06,Android,UK,B
85,2025-04-02,iOS,UK,B
86,2025-04-01,Android,Germany,B
87,2025-04-10,iOS,France,B
88,2025-04-01,iOS,Germany,A
89,2025-04-08,iOS,UK,B
90,2025-04-03,iOS,Germany,A
91,2025-04-06,Android,Germany,A
92,2025-04-06,iOS,Germany,A
93,2025-04-03,Android,France,A
94,2025-04-07,Android,France,B
95,2025-04-10,Android,France,A
96,2025-04-06,iOS,UK,B
97,2025-04-03,Android,UK,A
98,2025-04-10,iOS,Ukraine,B
99,2025-04-09,Android,Germany,A
100,2025-04-08,Android,Germany,B
101,2025-04-02,iOS,Poland,B
102,2025-04-09,iOS,Poland,B
103,2025-04-09,Android,UK,A
104,2025-04-05,Android,Germany,A
105,2025-04-04,iOS,France,B
106,2025-04-10,iOS,UK,A
107,2025-04-01,iOS,Poland,A
108,2025-04-10,Android,UK,A
109,2025-04-07,Android,Poland,B
110,2025-04-04,iOS,France,B
111,2025-04-06,iOS,UK,B
112,2025-04-08,Android,France,A
113,2025-04-05,iOS,France,B
114,2025-04-08,Android,UK,A
115,2025-04-09,iOS,UK,A
116,2025-04-07,Android,France,A
117,2025-04-05,iOS,France,A
118,2025-04-02,iOS,Poland,B
119,2025-04-10,Android,France,A
120,2025-04-04,iOS,Poland,A
121,2025-04-06,iOS,Poland,A
122,2025-04-03,iOS,UK,B
123,2025-04-10,Android,Germany,A
124,2025-04-05,Android,France,B
125,2025-04-03,iOS,UK,B
126,2025-04-06,iOS,Germany,A
127,2025-04-08,iOS,Ukraine,B
128,2025-04-03,iOS,UK,B
129,2025-04-08,iOS,UK,B
130,2025-04-10,Android,Germany,A
131,2025-04-02,iOS,Germany,B
132,2025-04-07,Android,France,A
133,2025-04-01,iOS,France,B
134,2025-04-10,iOS,Poland,A
135,2025-04-07,Android,Germany,A
136,2025-04-08,Android,UK,A
137,2025-04-09,Android,France,B
138,2025-04-09,iOS,Germany,A
139,2025-04-07,Android,UK,B
140,2025-04-04,iOS,Germany,A
141,2025-04-08,iOS,Germany,A
142,2025-04-03,iOS,UK,A
143,2025-04-04,iOS,France,B
144,2025-04-07,iOS,Poland,B
145,2025-04-02,iOS,UK,B
146,2025-04-03,iOS,Germany,B
147,2025-04-06,Android,Germany,B
148,2025-04-03,iOS,Germany,B
149,2025-04-02,iOS,UK,B
150,2025-04-06,Android,France,B
151,2025-04-05,Android,Poland,A
152,2025-04-10,Android,UK,B
153,2025-04-02,Android,Poland,B
154,2025-04-07,Android,Poland,A
155,2025-04-04,Android,Ukraine,B
156,2025-04-09,Android,France,B
157,2025-04-09,iOS,Poland,B
158,2025-04-03,Android,Germany,B
159,2025-04-07,Android,France,A
160,2025-04-10,Android,France,B
161,2025-04-08,iOS,Ukraine,A
162,2025-04-08,iOS,Ukraine,A
163,2025-04-08,iOS,Germany,A
164,2025-04-02,iOS,Poland,A
165,2025-04-07,iOS,Germany,A
166,2025-04-07,Android,Germany,B
167,2025-04-10,iOS,Germany,A
168,2025-04-08,Android,Germany,A
169,2025-04-08,iOS,Germany,A
170,2025-04-07,iOS,Germany,A
171,2025-04-05,Android,Germany,A
172,2025-04-07,iOS,Poland,B
173,2025-04-08,Android,Germany,A
174,2025-04-09,Android,Poland,A
175,2025-04-09,Android,France,B
176,2025-04-08,Android,Germany,A
177,2025-04-08,iOS,Germany,A
178,2025-04-02,Android,France,A
179,2025-04-06,iOS,France,B
180,2025-04-06,Android,UK,A
181,2025-04-02,iOS,UK,B
182,2025-04-07,Android,Germany,B
183,2025-04-10,iOS,Germany,B
184,2025-04-09,iOS,Germany,B
185,2025-04-05,iOS,Poland,B
186,2025-04-09,iOS,Poland,B
187,2025-04-03,Android,France,A
188,2025-04-01,iOS,Ukraine,A
189,2025-04-04,Android,Poland,A
190,2025-04-05,iOS,France,A
191,2025-04-07,iOS,Poland,B
192,2025-04-06,iOS,Germany,A
193,2025-04-01,Android,Poland,B
194,2025-04-08,Android,Germany,B
195,2025-04-09,Android,France,B
196,2025-04-03,Android,France,B
197,2025-04-02,iOS,France,B
198,2025-04-05,iOS,Germany,B
199,2025-04-03,Android,UK,A
200,2025-04-10,iOS,France,A
201,2025-04-05,iOS,UK,A
202,2025-04-08,iOS,UK,B
203,2025-04-07,iOS,Germany,A
204,2025-04-05,iOS,Germany,B
205,2025-04-10,iOS,Germany,B
206,2025-04-05,Android,Ukraine,A
207,2025-04-10,iOS,Poland,A
208,2025-04-09,Android,Germany,B
209,2025-04-09,Android,UK,A
210,2025-04-06,Android,Germany,A
211,2025-04-02,iOS,Germany,B
212,2025-04-08,iOS,France,A
213,2025-04-08,Android,UK,B
214,2025-04-04,iOS,Germany,B
215,2025-04-03,Android,France,B
216,2025-04-05,iOS,France,A
217,2025-04-07,iOS,UK,B
218,2025-04-03,Android,UK,B
219,2025-04-06,Android,Poland,A
220,2025-04-07,iOS,France,B
221,2025-04-04,iOS,Germany,A
222,2025-04-07,iOS,France,A
223,2025-04-10,Android,UK,A
224,2025-04-10,iOS,Germany,A
225,2025-04-07,iOS,Germany,B
226,2025-04-02,iOS,UK,B
227,2025-04-10,iOS,France,A
228,2025-04-06,Android,Germany,A
229,2025-04-09,iOS,UK,A
230,2025-04-03,Android,France,A
231,2025-04-01,iOS,Poland,A
232,2025-04-08,Android,UK,A
233,2025-04-04,iOS,Germany,B
234,2025-04-03,iOS,Germany,A
235,2025-04-05,Android,France,B
236,2025-04-01,Android,UK,A
237,2025-04-10,iOS,UK,B
238,2025-04-09,Android,Germany,B
239,2025-04-08,Android,Germany,B
240,2025-04-10,iOS,UK,B
241,2025-04-07,iOS,Germany,B
242,2025-04-05,Android,Ukraine,B
243,2025-04-02,Android,France,B
244,2025-04-01,iOS,Germany,A
245,2025-04-04,Android,UK,A
246,2025-04-03,iOS,Germany,A
247,2025-04-01,iOS,Germany,A
248,2025-04-10,iOS,France,A
249,2025-04-07,iOS,Ukraine,A
250,2025-04-09,iOS,UK,B
251,2025-04-01,Android,France,A
252,2025-04-03,Android,France,A
253,2025-04-10,Android,UK,A
254,2025-04-04,iOS,France,B
255,2025-04-09,Android,Poland,B
256,2025-04-06,iOS,France,A
257,2025-04-09,Android,France,B
258,2025-04-10,Android,France,A
259,2025-04-03,iOS,Germany,A
260,2025-04-08,iOS,Poland,A
261,2025-04-07,Android,France,A
262,2025-04-08,Android,France,B
263,2025-04-10,iOS,Germany,B
264,2025-04-01,iOS,France,B
265,2025-04-08,iOS,France,A
266,2025-04-07,Android,France,A
267,2025-04-10,iOS,Poland,A
268,2025-04-05,iOS,France,A
269,2025-04-01,iOS,France,A
270,2025-04-04,iOS,Germany,A
271,2025-04-08,iOS,Poland,A
272,2025-04-02,iOS,Germany,B
273,2025-04-07,Android,France,B
274,2025-04-07,Android,Poland,A
275,2025-04-10,Android,France,B
276,2025-04-01,iOS,Germany,B
277,2025-04-05,iOS,Poland,B
278,2025-04-04,iOS,Germany,A
279,2025-04-03,iOS,Poland,B
280,2025-04-10,Android,Germany,A
281,2025-04-04,Android,Poland,B
282,2025-04-02,iOS,UK,B
283,2025-04-08,Android,France,B
284,2025-04-10,iOS,UK,B
285,2025-04-08,Android,Germany,A
286,2025-04-02,Android,France,B
287,2025-04-08,iOS,Germany,B
288,2025-04-07,Android,Poland,B
289,2025-04-08,iOS,Poland,B
290,2025-04-09,Android,Germany,A
291,2025-04-02,iOS,UK,A
292,2025-04-01,iOS,France,B
293,2025-04-01,Android,Ukraine,B
294,2025-04-02,iOS,France,A
295,2025-04-01,iOS,Germany,A
296,2025-04-03,iOS,Germany,A
297,2025-04-10,Android,France,A
298,2025-04-08,iOS,UK,B
299,2025-04-03,iOS,France,A
300,2025-04-06,iOS,Germany,B
301,2025-04-03,Android,France,A
302,2025-04-08,iOS,Poland,B
303,2025-04-05,Android,France,B
304,2025-04-05,iOS,France,A
305,2025-04-10,Android,Germany,A
306,2025-04-04,iOS,France,B
307,2025-04-06,Android,Germany,A
308,2025-04-06,iOS,UK,B
309,2025-04-04,iOS,France,B
310,2025-04-08,iOS,UK,A
311,2025-04-04,Android,France,A
312,2025-04-10,iOS,Germany,A
313,2025-04-08,iOS,Germany,B
314,2025-04-04,Android,Germany,A
315,2025-04-05,iOS,Germany,A
316,2025-04-01,iOS,Germany,A
317,2025-04-01,iOS,Poland,B
318,2025-04-07,Android,France,A
319,2025-04-07,Android,Ukraine,A
320,2025-04-07,iOS,Poland,B
321,2025-04-01,iOS,Germany,B
322,2025-04-05,Android,UK,B
323,2025-04-09,Android,Germany,B
324,2025-04-07,iOS,France,B
325,2025-04-08,iOS,UK,A
326,2025-04-05,Android,Germany,A
327,2025-04-05,iOS,France,A
328,2025-04-02,Android,France,B
329,2025-04-10,Android,France,A
330,2025-04-08,Android,Poland,A
331,2025-04-02,iOS,Poland,A
332,2025-04-10,iOS,Germany,B
333,2025-04-03,Android,France,A
334,2025-04-02,Android,France,A
335,2025-04-08,iOS,France,B
336,2025-04-01,iOS,UK,A
337,2025-04-05,Android,Germany,A
338,2025-04-07,Android,France,A
339,2025-04-04,iOS,Germany,A
340,2025-04-08,iOS,Germany,A
341,2025-04-10,iOS,France,B
342,2025-04-08,Android,Poland,A
343,2025-04-07,iOS,France,B
344,2025-04-02,Android,France,A
345,2025-04-06,iOS,Germany,B
346,2025-04-05,Android,France,A
347,2025-04-02,iOS,Poland,A
348,2025-04-05,iOS,UK,B
349,2025-04-01,Android,France,A
350,2025-04-01,Android,Poland,B
351,2025-04-03,iOS,Ukraine,B
352,2025-04-05,iOS,France,B
353,2025-04-07,Android,France,A
354,2025-04-08,iOS,Poland,B
355,2025-04-04,iOS,France,A
356,2025-04-05,iOS,Poland,A
357,2025-04-10,Android,Poland,A
358,2025-04-01,iOS,UK,A
359,2025-04-07,iOS,France,A
360,2025-04-02,Android,Germany,A
361,2025-04-04,iOS,France,A
362,2025-04-06,iOS,UK,B
363,2025-04-04,Android,France,A
364,2025-04-09,iOS,Germany,A
365,2025-04-01,iOS,France,A
366,2025-04-02,Android,UK,B
367,2025-04-03,Android,UK,B
368,2025-04-01,iOS,Poland,A
369,2025-04-02,iOS,France,B
370,2025-04-10,Android,Poland,B
371,2025-04-01,Android,Ukraine,A
372,2025-04-09,Android,Poland,A
373,2025-04-05,iOS,Germany,B
374,2025-04-04,iOS,UK,A
375,2025-04-06,iOS,France,A
376,2025-04-07,iOS,France,B
377,2025-04-08,Android,Poland,A
378,2025-04-02,iOS,France,B
379,2025-04-06,Android,France,A
380,2025-04-06,iOS,France,A
381,2025-04-08,Android,Ukraine,B
382,2025-04-09,Android,Ukraine,A
383,2025-04-06,iOS,France,A
384,2025-04-01,Android,Germany,A
385,2025-04-04,iOS,Germany,A
386,2025-04-03,Android,Germany,B
387,2025-04-08,Android,Germany,A
388,2025-04-04,iOS,Poland,B
389,2025-04-08,iOS,Germany,A
390,2025-04-08,iOS,France,B
391,2025-04-05,iOS,Germany,A
392,2025-04-02,Android,Germany,A
393,2025-04-04,Android,France,A
394,2025-04-07,Android,Germany,A
395,2025-04-06,iOS,Ukraine,B
396,2025-04-01,iOS,France,A
397,2025-04-02,Android,UK,A
398,2025-04-09,iOS,France,B
399,2025-04-09,iOS,Poland,A
400,2025-04-03,iOS,Poland,B
401,2025-04-05,iOS,Poland,B
402,2025-04-07,Android,Ukraine,A
403,2025-04-01,iOS,France,B
404,2025-04-05,Android,France,A
405,2025-04-05,Android,France,B
406,2025-04-02,iOS,UK,A
407,2025-04-10,Android,UK,B
408,2025-04-10,Android,Germany,B
409,2025-04-07,iOS,France,B
410,2025-04-01,iOS,Germany,B
411,2025-04-08,iOS,UK,A
412,2025-04-03,iOS,Germany,B
413,2025-04-07,iOS,France,A
414,2025-04-04,Android,Poland,B
415,2025-04-05,iOS,France,A
416,2025-04-09,iOS,France,B
417,2025-04-06,Android,Germany,A
418,2025-04-08,Android,Poland,B
419,2025-04-09,Android,France,B
420,2025-04-02,Android,UK,A
421,2025-04-08,iOS,Germany,A
422,2025-04-06,Android,France,A
423,2025-04-10,iOS,Germany,B
424,2025-04-08,iOS,Poland,B
425,2025-04-08,iOS,Poland,B
426,2025-04-03,iOS,Ukraine,A
427,2025-04-09,Android,Poland,B
428,2025-04-03,Android,Germany,B
429,2025-04-01,iOS,France,B
430,2025-04-04,iOS,UK,B
431,2025-04-01,Android,France,A
432,2025-04-07,iOS,France,A
433,2025-04-08,Android,UK,A
434,2025-04-07,Android,France,A
435,2025-04-06,iOS,France,B
436,2025-04-08,Android,France,A
437,2025-04-06,Android,Ukraine,B
438,2025-04-07,Android,UK,B
439,2025-04-04,iOS,Germany,A
440,2025-04-08,Android,UK,B
441,2025-04-06,iOS,Ukraine,A
442,2025-04-09,Android,France,B
443,2025-04-09,Android,Ukraine,A
444,2025-04-05,Android,UK,B
445,2025-04-02,Android,Germany,A
446,2025-04-07,Android,UK,A
447,2025-04-10,Android,France,B
448,2025-04-09,iOS,France,B
449,2025-04-01,iOS,France,A
450,2025-04-09,iOS,Germany,B
451,2025-04-03,Android,UK,A
452,2025-04-03,Android,France,A
453,2025-04-04,Android,Poland,B
454,2025-04-08,Android,Poland,A
455,2025-04-08,iOS,Poland,B
456,2025-04-05,iOS,UK,B
457,2025-04-03,iOS,UK,B
458,2025-04-01,iOS,Poland,A
459,2025-04-05,Android,UK,B
460,2025-04-10,iOS,Poland,B
461,2025-04-09,iOS,Germany,A
462,2025-04-10,Android,France,B
463,2025-04-01,iOS,Poland,A
464,2025-04-03,iOS,Poland,B
465,2025-04-08,iOS,Poland,A
466,2025-04-04,iOS,France,A
467,2025-04-08,Android,Ukraine,A
468,2025-04-07,Android,Ukraine,A
469,2025-04-07,Android,France,B
470,2025-04-06,iOS,Germany,A
471,2025-04-03,iOS,UK,B
472,2025-04-05,iOS,France,A
473,2025-04-06,Android,Poland,B
474,2025-04-10,iOS,France,B
475,2025-04-07,Android,UK,B
476,2025-04-09,iOS,France,A
477,2025-04-05,iOS,France,B
478,2025-04-04,iOS,UK,B
479,2025-04-07,iOS,UK,B
480,2025-04-09,Android,France,B
481,2025-04-05,iOS,France,B
482,2025-04-08,iOS,Germany,A
483,2025-04-04,Android,Germany,B
484,2025-04-08,iOS,Germany,B
485,2025-04-03,iOS,UK,A
486,2025-04-05,iOS,Germany,B
487,2025-04-04,iOS,UK,A
488,2025-04-10,iOS,UK,B
489,2025-04-10,iOS,France,B
490,2025-04-06,iOS,Poland,B
491,2025-04-01,Android,Poland,A
492,2025-04-04,iOS,Germany,A
493,2025-04-05,Android,Germany,B
494,2025-04-07,iOS,UK,A
495,2025-04-08,iOS,Ukraine,B
496,2025-04-02,iOS,Ukraine,B
497,2025-04-09,iOS,Poland,B
498,2025-04-06,iOS,Ukraine,B
499,2025-04-04,Android,France,B
500,2025-04-06,Android,Ukraine,B
501,2025-04-01,Android,France,A
502,2025-04-08,iOS,UK,A
503,2025-04-07,iOS,Germany,B
504,2025-04-03,iOS,Germany,B
505,2025-04-05,Android,UK,A
506,2025-04-07,Android,Germany,B
507,2025-04-07,iOS,France,B
508,2025-04-06,iOS,Ukraine,A
509,2025-04-04,iOS,Germany,B
510,2025-04-07,Android,France,B
511,2025-04-06,iOS,UK,B
512,2025-04-10,Android,Ukraine,A
513,2025-04-01,iOS,UK,B
514,2025-04-05,Android,Germany,B
515,2025-04-05,Android,UK,A
516,2025-04-09,iOS,Ukraine,A
517,2025-04-03,Android,Germany,B
518,2025-04-10,iOS,Poland,A
519,2025-04-02,Android,France,B
520,2025-04-07,iOS,France,B
521,2025-04-08,iOS,UK,A
522,2025-04-03,Android,UK,A
523,2025-04-02,iOS,Germany,A
524,2025-04-10,iOS,Poland,A
525,2025-04-07,Android,Poland,B
526,2025-04-10,iOS,Poland,B
527,2025-04-05,Android,Germany,B
528,2025-04-09,Android,UK,B
529,2025-04-10,iOS,France,A
530,2025-04-07,iOS,France,A
531,2025-04-09,iOS,Ukraine,B
532,2025-04-08,Android,France,A
533,2025-04-02,Android,France,A
534,2025-04-01,iOS,Ukraine,B
535,2025-04-04,iOS,Poland,B
536,2025-04-07,iOS,Poland,A
537,2025-04-02,iOS,Poland,A
538,2025-04-01,Android,Ukraine,B
539,2025-04-09,Android,France,B
540,2025-04-05,Android,France,A
541,2025-04-08,iOS,Germany,B
542,2025-04-04,iOS,Poland,B
543,2025-04-02,Android,Germany,A
544,2025-04-10,iOS,Poland,B
545,2025-04-09,iOS,Poland,A
546,2025-04-10,iOS,UK,B
547,2025-04-08,iOS,UK,A
548,2025-04-10,iOS,Germany,A
549,2025-04-02,Android,Poland,B
550,2025-04-06,iOS,Germany,B
551,2025-04-08,Android,Germany,A
552,2025-04-09,Android,Poland,A
553,2025-04-08,iOS,Germany,A
554,2025-04-06,iOS,Germany,B
555,2025-04-06,iOS,Germany,A
556,2025-04-02,iOS,Poland,B
557,2025-04-06,Android,France,A
558,2025-04-03,iOS,UK,A
559,2025-04-08,Android,Germany,B
560,2025-04-09,Android,UK,B
561,2025-04-02,Android,France,B
562,2025-04-09,iOS,Poland,B
563,2025-04-04,iOS,France,A
564,2025-04-04,iOS,France,A
565,2025-04-06,Android,Germany,B
566,2025-04-05,iOS,UK,A
567,2025-04-08,iOS,Poland,A
568,2025-04-08,Android,Poland,B
569,2025-04-05,Android,France,B
570,2025-04-10,iOS,Germany,A
571,2025-04-08,Android,UK,B
572,2025-04-06,Android,Germany,B
573,2025-04-04,iOS,France,A
574,2025-04-03,iOS,France,A
575,2025-04-05,iOS,UK,A
576,2025-04-07,Android,Ukraine,A
577,2025-04-02,Android,Poland,B
578,2025-04-03,iOS,Poland,B
579,2025-04-09,Android,France,A
580,2025-04-05,Android,Germany,B
581,2025-04-04,iOS,Germany,B
582,2025-04-05,iOS,France,A
583,2025-04-10,iOS,France,B
584,2025-04-08,iOS,France,A
585,2025-04-06,iOS,Germany,A
586,2025-04-01,iOS,UK,A
587,2025-04-10,Android,France,B
588,2025-04-09,Android,France,A
589,2025-04-09,iOS,Ukraine,A
590,2025-04-05,Android,UK,B
591,2025-04-08,iOS,Poland,B
592,2025-04-04,iOS,France,B
593,2025-04-06,iOS,Germany,B
594,2025-04-09,iOS,Germany,A
595,2025-04-04,iOS,Germany,B
596,2025-04-02,iOS,UK,B
597,2025-04-04,Android,France,B
598,2025-04-01,iOS,Ukraine,A
599,2025-04-01,Android,UK,B
600,2025-04-03,Android,France,B
601,2025-04-06,iOS,Germany,B
602,2025-04-07,Android,UK,B
603,2025-04-05,Android,Germany,B
604,2025-04-05,Android,France,B
605,2025-04-10,iOS,France,A
606,2025-04-02,iOS,Poland,A
607,2025-04-08,iOS,UK,B
608,2025-04-07,iOS,France,A
609,2025-04-05,iOS,UK,A
610,2025-04-05,Android,Germany,B
611,2025-04-05,iOS,Germany,A
612,2025-04-09,Android,UK,B
613,2025-04-04,Android,Poland,A
614,2025-04-02,Android,Poland,A
615,2025-04-08,Android,Poland,B
616,2025-04-03,iOS,Germany,B
617,2025-04-06,iOS,Ukraine,B
618,2025-04-01,iOS,Ukraine,B
619,2025-04-07,Android,Germany,A
620,2025-04-08,iOS,France,A
621,2025-04-04,iOS,Poland,A
622,2025-04-02,iOS,Germany,B
623,2025-04-08,iOS,France,A
624,2025-04-06,Android,Germany,A
625,2025-04-09,Android,Poland,A
626,2025-04-06,iOS,Germany,B
627,2025-04-07,Android,Germany,B
628,2025-04-08,iOS,UK,B
629,2025-04-01,iOS,UK,A
630,2025-04-09,Android,Poland,B
631,2025-04-04,iOS,France,A
632,2025-04-06,iOS,Germany,A
633,2025-04-10,Android,UK,B
634,2025-04-04,Android,France,A
635,2025-04-05,iOS,Poland,A
636,2025-04-06,iOS,UK,B
637,2025-04-01,iOS,France,A
638,2025-04-03,iOS,Poland,B
639,2025-04-06,Android,France,A
640,2025-04-02,Android,UK,B
641,2025-04-02,iOS,UK,B
642,2025-04-09,Android,Poland,B
643,2025-04-08,Android,Poland,A
644,2025-04-03,iOS,UK,A
645,2025-04-04,iOS,Germany,A
646,2025-04-02,Android,France,A
647,2025-04-02,Android,UK,B
648,2025-04-06,Android,France,B
649,2025-04-09,iOS,France,A
650,2025-04-09,iOS,France,B
651,2025-04-07,Android,UK,A
652,2025-04-09,iOS,Germany,B
653,2025-04-08,Android,UK,A
654,2025-04-03,Android,Germany,A
655,2025-04-04,Android,Germany,A
656,2025-04-03,Android,UK,A
657,2025-04-03,Android,France,B
658,2025-04-07,iOS,Germany,A
659,2025-04-08,iOS,France,A
660,2025-04-07,Android,UK,A
661,2025-04-01,Android,Poland,B
662,2025-04-02,iOS,Poland,B
663,2025-04-01,iOS,Poland,B
664,2025-04-01,Android,Germany,A
665,2025-04-01,iOS,France,B
666,2025-04-01,Android,UK,B
667,2025-04-02,Android,Germany,A
668,2025-04-01,iOS,Germany,B
669,2025-04-09,Android,UK,A
670,2025-04-10,Android,Ukraine,B
671,2025-04-05,Android,France,A
672,2025-04-02,Android,France,B
673,2025-04-01,iOS,France,A
674,2025-04-04,iOS,France,A
675,2025-04-07,iOS,Poland,A
676,2025-04-10,iOS,UK,A
677,2025-04-06,Android,France,A
678,2025-04-02,iOS,France,B
679,2025-04-06,iOS,Germany,A
680,2025-04-01,iOS,Germany,A
681,2025-04-04,iOS,France,A
682,2025-04-06,Android,UK,A
683,2025-04-08,Android,France,A
684,2025-04-07,iOS,UK,A
685,2025-04-02,iOS,UK,B
686,2025-04-01,iOS,UK,A
687,2025-04-06,Android,France,B
688,2025-04-06,Android,Poland,B
689,2025-04-04,iOS,France,A
690,2025-04-10,iOS,Germany,B
691,2025-04-06,Android,Germany,A
692,2025-04-01,iOS,Germany,B
693,2025-04-06,iOS,UK,B
694,2025-04-06,Android,France,B
695,2025-04-09,iOS,Poland,A
696,2025-04-04,Android,UK,B
697,2025-04-03,Android,UK,B
698,2025-04-03,Android,UK,B
699,2025-04-07,iOS,Poland,A
700,2025-04-07,iOS,Poland,B
701,2025-04-06,iOS,Poland,A
702,2025-04-02,iOS,Poland,B
703,2025-04-02,Android,UK,B
704,2025-04-04,iOS,France,A
705,2025-04-05,Android,Germany,A
706,2025-04-04,Android,Germany,A
707,2025-04-02,iOS,Ukraine,A
708,2025-04-10,Android,Germany,B
709,2025-04-08,Android,Germany,B
710,2025-04-07,iOS,UK,A
711,2025-04-02,Android,France,A
712,2025-04-07,Android,France,B
713,2025-04-04,iOS,Germany,A
714,2025-04-03,iOS,Germany,B
715,2025-04-03,Android,Poland,A
716,2025-04-04,Android,Poland,A
717,2025-04-03,Android,UK,B
718,2025-04-02,iOS,France,B
719,2025-04-07,iOS,UK,B
720,2025-04-05,iOS,Germany,A
721,2025-04-01,iOS,Germany,B
722,2025-04-05,Android,France,A
723,2025-04-07,Android,UK,A
724,2025-04-10,iOS,Ukraine,A
725,2025-04-07,Android,Ukraine,B
726,2025-04-06,Android,Poland,B
727,2025-04-09,iOS,Germany,B
728,2025-04-07,iOS,UK,A
729,2025-04-09,iOS,France,A
730,2025-04-05,iOS,France,A
731,2025-04-04,Android,UK,A
732,2025-04-05,iOS,Poland,A
733,2025-04-04,iOS,Germany,A
734,2025-04-04,iOS,France,A
735,2025-04-04,Android,France,A
736,2025-04-05,Android,Ukraine,B
737,2025-04-09,iOS,France,B
738,2025-04-10,iOS,Poland,A
739,2025-04-06,Android,Germany,A
740,2025-04-08,iOS,Germany,A
741,2025-04-10,iOS,Ukraine,B
742,2025-04-04,iOS,Germany,B
743,2025-04-03,iOS,Germany,B
744,2025-04-03,Android,UK,B
745,2025-04-09,Android,Germany,B
746,2025-04-08,iOS,Poland,B
747,2025-04-08,Android,France,B
748,2025-04-07,Android,Poland,B
749,2025-04-02,Android,Ukraine,A
750,2025-04-02,iOS,France,B
751,2025-04-05,Android,Poland,A
752,2025-04-03,Android,UK,B
753,2025-04-08,Android,UK,A
754,2025-04-09,iOS,France,B
755,2025-04-10,Android,France,B
756,2025-04-05,Android,France,B
757,2025-04-04,iOS,Poland,A
758,2025-04-08,iOS,Poland,A
759,2025-04-02,Android,Ukraine,B
760,2025-04-06,iOS,Germany,A
761,2025-04-09,iOS,France,B
762,2025-04-07,Android,France,B
763,2025-04-07,Android,UK,A
764,2025-04-08,iOS,Poland,A
765,2025-04-07,iOS,Poland,B
766,2025-04-06,iOS,UK,A
767,2025-04-02,iOS,France,B
768,2025-04-02,Android,France,A
769,2025-04-10,iOS,Poland,B
770,2025-04-05,iOS,UK,A
771,2025-04-07,Android,UK,A
772,2025-04-08,iOS,France,A
773,2025-04-07,iOS,France,A
774,2025-04-01,iOS,Germany,A
775,2025-04-09,iOS,UK,A
776,2025-04-08,iOS,UK,A
777,2025-04-08,iOS,France,B
778,2025-04-07,Android,Poland,A
779,2025-04-08,iOS,UK,B
780,2025-04-02,Android,Germany,A
781,2025-04-09,iOS,Germany,B
782,2025-04-07,Android,Germany,A
783,2025-04-04,Android,Germany,B
784,2025-04-05,iOS,France,A
785,2025-04-05,Android,France,A
786,2025-04-10,iOS,France,A
787,2025-04-07,Android,Germany,B
788,2025-04-02,iOS,UK,B
789,2025-04-06,Android,Germany,B
790,2025-04-07,iOS,France,A
791,2025-04-05,iOS,Germany,B
792,2025-04-05,iOS,France,B
793,2025-04-06,iOS,Germany,B
794,2025-04-06,iOS,UK,A
795,2025-04-03,Android,UK,B
796,2025-04-08,iOS,Poland,A
797,2025-04-10,iOS,France,B
798,2025-04-06,iOS,UK,A
799,2025-04-06,iOS,Germany,B
800,2025-04-05,iOS,UK,A
801,2025-04-04,iOS,UK,B
802,2025-04-03,iOS,Germany,A
803,2025-04-02,iOS,Germany,B
804,2025-04-06,iOS,Poland,A
805,2025-04-08,Android,Ukraine,B
806,2025-04-03,Android,Germany,B
807,2025-04-05,iOS,Poland,B
808,2025-04-10,iOS,UK,B
809,2025-04-08,iOS,France,A
810,2025-04-05,iOS,UK,A
811,2025-04-10,iOS,Poland,B
812,2025-04-09,iOS,France,A
813,2025-04-06,iOS,Ukraine,A
814,2025-04-03,iOS,France,B
815,2025-04-09,Android,UK,A
816,2025-04-04,iOS,Ukraine,A
817,2025-04-01,Android,Germany,B
818,2025-04-03,Android,Poland,B
819,2025-04-03,iOS,UK,A
820,2025-04-02,Android,Germany,A
821,2025-04-06,Android,UK,B
822,2025-04-07,Android,Germany,A
823,2025-04-08,iOS,France,A
824,2025-04-05,Android,France,B
825,2025-04-06,iOS,France,A
826,2025-04-05,Android,UK,B
827,2025-04-06,iOS,UK,A
828,2025-04-05,iOS,France,B
829,2025-04-04,iOS,France,B
830,2025-04-05,iOS,France,B
831,2025-04-09,Android,France,A
832,2025-04-10,Android,Germany,A
833,2025-04-07,iOS,Germany,B
834,2025-04-03,Android,UK,A
835,2025-04-04,iOS,Poland,A
836,2025-04-01,Android,UK,A
837,2025-04-02,Android,Germany,B
838,2025-04-06,Android,France,B
839,2025-04-06,Android,UK,B
840,2025-04-09,Android,Germany,B
841,2025-04-03,iOS,UK,B
842,2025-04-09,iOS,Germany,A
843,2025-04-09,Android,Poland,B
844,2025-04-10,Android,Poland,A
845,2025-04-02,iOS,France,A
846,2025-04-04,iOS,France,B
847,2025-04-08,iOS,France,A
848,2025-04-04,iOS,France,A
849,2025-04-08,iOS,Germany,B
850,2025-04-05,iOS,UK,A
851,2025-04-04,iOS,Poland,B
852,2025-04-10,Android,Germany,A
853,2025-04-05,Android,France,B
854,2025-04-06,iOS,Poland,A
855,2025-04-08,iOS,France,B
856,2025-04-09,iOS,France,B
857,2025-04-03,iOS,Poland,A
858,2025-04-07,Android,Germany,B
859,2025-04-01,Android,UK,B
860,2025-04-07,Android,Germany,A
861,2025-04-10,Android,Poland,B
862,2025-04-06,iOS,UK,B
863,2025-04-02,iOS,Germany,B
864,2025-04-02,iOS,UK,A
865,2025-04-05,iOS,Poland,A
866,2025-04-03,Android,Germany,A
867,2025-04-09,Android,UK,B
868,2025-04-02,iOS,UK,B
869,2025-04-06,iOS,UK,A
870,2025-04-08,Android,Poland,B
871,2025-04-02,iOS,UK,A
872,2025-04-06,iOS,Poland,A
873,2025-04-02,iOS,UK,B
874,2025-04-06,iOS,Ukraine,A
875,2025-04-02,iOS,Ukraine,B
876,2025-04-07,iOS,Ukraine,B
877,2025-04-07,iOS,Poland,B
878,2025-04-10,iOS,France,B
879,2025-04-06,Android,Ukraine,A
880,2025-04-06,iOS,Poland,A
881,2025-04-06,iOS,Poland,B
882,2025-04-03,iOS,France,A
883,2025-04-07,iOS,Germany,A
884,2025-04-06,iOS,UK,B
885,2025-04-10,Android,Poland,A
886,2025-04-09,Android,Ukraine,B
887,2025-04-10,Android,Germany,B
888,2025-04-10,iOS,Germany,A
889,2025-04-02,Android,UK,A
890,2025-04-01,iOS,France,A
891,2025-04-01,iOS,UK,B
892,2025-04-02,iOS,Poland,B
893,2025-04-09,Android,France,B
894,2025-04-02,iOS,France,A
895,2025-04-07,Android,Germany,A
896,2025-04-05,iOS,Germany,B
897,2025-04-08,iOS,Poland,A
898,2025-04-10,Android,France,A
899,2025-04-04,iOS,France,A
900,2025-04-02,iOS,Ukraine,A
901,2025-04-01,iOS,Germany,A
902,2025-04-10,iOS,Ukraine,B
903,2025-04-05,Android,France,A
904,2025-04-08,iOS,UK,B
905,2025-04-07,iOS,Ukraine,A
906,2025-04-04,Android,Germany,B
907,2025-04-04,iOS,France,B
908,2025-04-04,Android,Poland,A
909,2025-04-07,Android,Germany,A
910,2025-04-05,Android,Germany,A
911,2025-04-01,iOS,France,A
912,2025-04-04,iOS,Germany,B
913,2025-04-05,Android,Germany,B
914,2025-04-03,iOS,UK,B
915,2025-04-04,Android,Germany,A
916,2025-04-07,Android,UK,A
917,2025-04-08,iOS,France,A
918,2025-04-02,iOS,Germany,B
919,2025-04-02,iOS,Poland,B
920,2025-04-09,iOS,France,B
921,2025-04-04,iOS,France,A
922,2025-04-08,iOS,France,A
923,2025-04-04,Android,Ukraine,B
924,2025-04-07,Android,Germany,B
925,2025-04-09,iOS,Poland,B
926,2025-04-06,iOS,Poland,B
927,2025-04-09,iOS,France,B
928,2025-04-08,Android,France,A
929,2025-04-03,iOS,Germany,B
930,2025-04-05,Android,UK,B
931,2025-04-03,Android,France,B
932,2025-04-01,iOS,Ukraine,A
933,2025-04-08,iOS,France,A
934,2025-04-07,iOS,Germany,B
935,2025-04-02,Android,Poland,B
936,2025-04-01,Android,Poland,A
937,2025-04-10,Android,UK,B
938,2025-04-03,Android,Poland,A
939,2025-04-04,iOS,France,B
940,2025-04-01,Android,Poland,B
941,2025-04-06,iOS,Poland,A
942,2025-04-06,Android,Germany,B
943,2025-04-07,Android,Poland,A
944,2025-04-10,iOS,Poland,A
945,2025-04-08,Android,Poland,A
946,2025-04-02,iOS,Ukraine,A
947,2025-04-07,iOS,Germany,A
948,2025-04-09,iOS,Poland,B
949,2025-04-05,Android,UK,A
950,2025-04-07,Android,France,B
951,2025-04-02,iOS,UK,A
952,2025-04-03,iOS,Ukraine,B
953,2025-04-10,iOS,Germany,B
954,2025-04-03,iOS,France,A
955,2025-04-03,iOS,Poland,B
956,2025-04-06,Android,France,A
957,2025-04-09,iOS,France,A
958,2025-04-08,Android,Poland,A
959,2025-04-08,Android,Poland,A
960,2025-04-08,iOS,Poland,B
961,2025-04-06,iOS,France,B
962,2025-04-05,iOS,Poland,B
963,2025-04-08,iOS,France,B
964,2025-04-10,iOS,France,A
965,2025-04-06,iOS,France,B
966,2025-04-05,Android,France,A
967,2025-04-05,Android,Poland,A
968,2025-04-08,Android,Poland,B
969,2025-04-03,iOS,Germany,B
970,2025-04-02,Android,France,B
971,2025-04-05,iOS,Germany,B
972,2025-04-02,iOS,Poland,B
973,2025-04-02,iOS,UK,A
974,2025-04-09,iOS,Poland,B
975,2025-04-09,Android,Poland,A
976,2025-04-09,Android,Poland,A
977,2025-04-10,iOS,UK,B
978,2025-04-08,iOS,Poland,B
979,2025-04-08,iOS,Poland,A
980,2025-04-01,iOS,Germany,A
981,2025-04-08,iOS,France,A
982,2025-04-05,iOS,Poland,B
983,2025-04-07,Android,Poland,B
984,2025-04-05,Android,Poland,A
985,2025-04-08,Android,France,B
986,2025-04-08,Android,France,A
987,2025-04-06,iOS,Germany,B
988,2025-04-01,Android,Germany,B
989,2025-04-03,iOS,Ukraine,B
990,2025-04-09,Android,UK,A
991,2025-04-05,iOS,Poland,A
992,2025-04-01,Android,France,A
993,2025-04-08,Android,Poland,B
994,2025-04-07,Android,France,A
995,2025-04-04,Android,UK,B
996,2025-04-03,Android,Germany,A
997,2025-04-02,iOS,France,B
998,2025-04-05,iOS,Poland,A
999,2025-04-06,iOS,France,B
1000,2025-04-06,iOS,UK,B
1001,2025-04-08,Android,Germany,A
1002,2025-04-05,iOS,UK,A
1003,2025-04-04,Android,Germany,B
1004,2025-04-01,Android,France,A
1005,2025-04-02,iOS,Poland,B
1006,2025-04-04,iOS,France,B
1007,2025-04-06,Android,France,A
1008,2025-04-06,iOS,France,B
1009,2025-04-04,Android,France,B
1010,2025-04-08,Android,Germany,A
1011,2025-04-04,Android,France,A
1012,2025-04-07,Android,Germany,B
1013,2025-04-06,iOS,Germany,A
1014,2025-04-10,iOS,Poland,B
1015,2025-04-04,iOS,France,A
1016,2025-04-01,iOS,Germany,B
1017,2025-04-01,Android,UK,B
1018,2025-04-04,iOS,France,B
1019,2025-04-03,iOS,Poland,A
1020,2025-04-10,Android,France,A
1021,2025-04-01,iOS,UK,B
1022,2025-04-04,Android,Ukraine,A
1023,2025-04-10,iOS,Germany,B
1024,2025-04-07,Android,Poland,A
1025,2025-04-06,iOS,France,B
1026,2025-04-09,iOS,Ukraine,B
1027,2025-04-09,Android,UK,B
1028,2025-04-08,Android,Germany,A
1029,2025-04-07,Android,Poland,A
1030,2025-04-07,Android,Poland,A
1031,2025-04-03,Android,France,B
1032,2025-04-09,iOS,UK,A
1033,2025-04-03,Android,Germany,A
1034,2025-04-05,Android,Germany,B
1035,2025-04-06,iOS,UK,A
1036,2025-04-04,iOS,France,A
1037,2025-04-04,iOS,France,B
1038,2025-04-02,Android,France,B
1039,2025-04-04,Android,Germany,B
1040,2025-04-05,Android,Germany,A
1041,2025-04-06,iOS,Poland,A
1042,2025-04-09,Android,France,A
1043,2025-04-02,iOS,Poland,B
1044,2025-04-06,iOS,France,B
1045,2025-04-09,Android,France,B
1046,2025-04-03,Android,Germany,B
1047,2025-04-05,iOS,UK,B
1048,2025-04-06,Android,France,A
1049,2025-04-04,iOS,Germany,B
1050,2025-04-02,Android,France,B
1051,2025-04-03,Android,Poland,A
1052,2025-04-09,iOS,UK,B
1053,2025-04-09,Android,Germany,A
1054,2025-04-05,Android,France,B
1055,2025-04-08,Android,Poland,A
1056,2025-04-03,Android,UK,B
1057,2025-04-08,iOS,Poland,B
1058,2025-04-08,Android,Ukraine,B
1059,2025-04-04,Android,UK,B
1060,2025-04-01,iOS,France,B
1061,2025-04-01,iOS,France,B
1062,2025-04-02,iOS,Poland,B
1063,2025-04-07,Android,UK,B
1064,2025-04-03,iOS,UK,A
1065,2025-04-01,iOS,Poland,A
1066,2025-04-01,iOS,Germany,B
1067,2025-04-01,Android,Poland,B
1068,2025-04-09,iOS,Poland,A
1069,2025-04-01,iOS,Germany,B
1070,2025-04-09,iOS,Germany,B
1071,2025-04-10,Android,France,A
1072,2025-04-08,Android,UK,A
1073,2025-04-06,iOS,UK,B
1074,2025-04-06,iOS,Poland,A
1075,2025-04-10,iOS,Germany,A
1076,2025-04-02,iOS,Germany,A
1077,2025-04-06,Android,UK,A
1078,2025-04-05,iOS,France,A
1079,2025-04-05,Android,Germany,A
1080,2025-04-04,iOS,Germany,B
1081,2025-04-10,Android,Poland,A
1082,2025-04-05,iOS,Poland,B
1083,2025-04-04,Android,France,A
1084,2025-04-02,iOS,Poland,B
1085,2025-04-01,Android,UK,A
1086,2025-04-09,iOS,Germany,A
1087,2025-04-10,iOS,France,B
1088,2025-04-10,iOS,Germany,A
1089,2025-04-10,Android,Germany,B
1090,2025-04-04,Android,UK,A
1091,2025-04-02,Android,UK,A
1092,2025-04-02,iOS,Poland,A
1093,2025-04-01,iOS,France,A
1094,2025-04-04,iOS,Ukraine,B
1095,2025-04-06,Android,Poland,B
1096,2025-04-05,iOS,Germany,B
1097,2025-04-01,Android,Ukraine,A
1098,2025-04-03,iOS,France,B
1099,2025-04-04,Android,Poland,B
1100,2025-04-10,iOS,Germany,A
1101,2025-04-07,Android,Poland,A
1102,2025-04-02,iOS,UK,B
1103,2025-04-05,iOS,Germany,B
1104,2025-04-07,iOS,Poland,A
1105,2025-04-01,Android,Germany,B
1106,2025-04-07,iOS,Germany,B
1107,2025-04-06,Android,France,A
1108,2025-04-03,Android,Poland,B
1109,2025-04-05,iOS,France,A
1110,2025-04-01,Android,UK,B
1111,2025-04-05,Android,Germany,B
1112,2025-04-03,iOS,Germany,A
1113,2025-04-04,Android,Poland,B
1114,2025-04-02,Android,Poland,B
1115,2025-04-02,Android,Poland,B
1116,2025-04-02,Android,UK,A
1117,2025-04-10,Android,France,A
1118,2025-04-01,Android,Germany,A
1119,2025-04-08,Android,France,B
1120,2025-04-04,iOS,Ukraine,B
1121,2025-04-05,Android,Germany,A
1122,2025-04-04,iOS,UK,B
1123,2025-04-01,Android,Poland,A
1124,2025-04-03,Android,UK,B
1125,2025-04-03,Android,Ukraine,B
1126,2025-04-02,iOS,UK,A
1127,2025-04-06,iOS,Germany,A
1128,2025-04-06,Android,Poland,A
1129,2025-04-04,Android,Germany,A
1130,2025-04-07,iOS,UK,B
1131,2025-04-05,Android,France,B
1132,2025-04-09,iOS,Germany,B
1133,2025-04-09,Android,Germany,A
1134,2025-04-10,Android,Germany,B
1135,2025-04-08,Android,Germany,A
1136,2025-04-01,Android,Poland,B
1137,2025-04-07,iOS,France,B
1138,2025-04-03,Android,UK,A
1139,2025-04-02,iOS,Germany,B
1140,2025-04-08,iOS,Poland,A
1141,2025-04-09,iOS,France,A
1142,2025-04-06,iOS,UK,B
1143,2025-04-04,Android,Poland,B
1144,2025-04-03,iOS,Poland,B
1145,2025-04-06,Android,France,B
1146,2025-04-02,iOS,Ukraine,B
1147,2025-04-06,Android,Germany,B
1148,2025-04-07,iOS,France,B
1149,2025-04-06,iOS,France,B
1150,2025-04-01,Android,France,B
1151,2025-04-07,iOS,France,A
1152,2025-04-09,iOS,Ukraine,A
1153,2025-04-05,Android,Poland,B
1154,2025-04-06,iOS,Poland,B
1155,2025-04-06,iOS,France,A
1156,2025-04-05,iOS,France,B
1157,2025-04-02,iOS,Poland,B
1158,2025-04-03,iOS,France,B
1159,2025-04-03,iOS,UK,A
1160,2025-04-04,iOS,UK,B
1161,2025-04-05,Android,UK,A
1162,2025-04-06,iOS,Germany,A
1163,2025-04-01,Android,France,B
1164,2025-04-06,iOS,Poland,B
1165,2025-04-10,iOS,Ukraine,B
1166,2025-04-07,iOS,Germany,B
1167,2025-04-06,iOS,France,B
1168,2025-04-08,Android,UK,B
1169,2025-04-05,iOS,France,A
1170,2025-04-10,Android,Germany,A
1171,2025-04-04,iOS,Germany,A
1172,2025-04-04,iOS,UK,B
1173,2025-04-04,Android,Germany,B
1174,2025-04-08,iOS,France,A
1175,2025-04-09,Android,France,B
1176,2025-04-02,iOS,France,B
1177,2025-04-09,iOS,UK,A
1178,2025-04-08,Android,Germany,A
1179,2025-04-01,iOS,Germany,B
1180,2025-04-08,iOS,UK,A
1181,2025-04-07,Android,France,A
1182,2025-04-07,iOS,UK,A
1183,2025-04-02,iOS,France,A
1184,2025-04-03,iOS,Poland,A
1185,2025-04-01,iOS,Poland,B
1186,2025-04-04,Android,Poland,A
1187,2025-04-01,iOS,France,A
1188,2025-04-02,Android,France,B
1189,2025-04-10,iOS,UK,A
1190,2025-04-06,iOS,France,B
1191,2025-04-03,iOS,France,B
1192,2025-04-02,iOS,Germany,A
1193,2025-04-07,Android,Ukraine,A
1194,2025-04-06,iOS,Germany,B
1195,2025-04-01,Android,Poland,B
1196,2025-04-07,iOS,Germany,A
1197,2025-04-03,iOS,Germany,A
1198,2025-04-02,iOS,Poland,A
1199,2025-04-03,Android,France,B
1200,2025-04-04,iOS,Germany,A
1201,2025-04-03,Android,Poland,B
1202,2025-04-02,Android,France,A
1203,2025-04-02,iOS,France,A
1204,2025-04-09,Android,UK,A
1205,2025-04-03,Android,Poland,A
1206,2025-04-01,Android,UK,B
1207,2025-04-02,iOS,Germany,B
1208,2025-04-05,iOS,Germany,B
1209,2025-04-06,Android,Poland,A
1210,2025-04-01,Android,Poland,A
1211,2025-04-08,Android,France,A
1212,2025-04-06,Android,Germany,A
1213,2025-04-10,iOS,UK,A
1214,2025-04-02,iOS,UK,A
1215,2025-04-05,Android,Poland,A
1216,2025-04-05,iOS,France,B
1217,2025-04-05,iOS,Poland,B
1218,2025-04-02,Android,France,A
1219,2025-04-07,iOS,France,B
1220,2025-04-02,Android,UK,A
1221,2025-04-07,Android,Poland,A
1222,2025-04-03,iOS,Germany,B
1223,2025-04-06,Android,France,A
1224,2025-04-05,iOS,France,A
1225,2025-04-06,iOS,Germany,A
1226,2025-04-05,Android,UK,B
1227,2025-04-08,Android,Germany,A
1228,2025-04-01,iOS,Germany,A
1229,2025-04-04,Android,UK,A
1230,2025-04-07,iOS,UK,A
1231,2025-04-06,iOS,UK,A
1232,2025-04-05,Android,Poland,B
1233,2025-04-05,Android,UK,B
1234,2025-04-01,Android,France,B
1235,2025-04-10,iOS,Poland,A
1236,2025-04-07,Android,France,B
1237,2025-04-10,Android,Poland,A
1238,2025-04-05,iOS,France,B
1239,2025-04-06,Android,UK,A
1240,2025-04-09,iOS,Poland,B
1241,2025-04-10,Android,France,A
1242,2025-04-02,iOS,UK,A
1243,2025-04-05,Android,Germany,B
1244,2025-04-09,iOS,France,B
1245,2025-04-01,iOS,France,A
1246,2025-04-03,Android,Poland,A
1247,2025-04-04,Android,Germany,B
1248,2025-04-03,iOS,Ukraine,B
1249,2025-04-09,iOS,Germany,B
1250,2025-04-08,iOS,France,A
1251,2025-04-02,iOS,France,A
1252,2025-04-04,iOS,France,B
1253,2025-04-10,iOS,Poland,B
1254,2025-04-05,iOS,UK,A
1255,2025-04-08,Android,UK,A
1256,2025-04-06,iOS,France,B
1257,2025-04-04,Android,Poland,B
1258,2025-04-04,Android,UK,B
1259,2025-04-10,Android,Germany,A
1260,2025-04-06,iOS,Germany,A
1261,2025-04-09,Android,Poland,A
1262,2025-04-03,iOS,Ukraine,B
1263,2025-04-07,Android,France,A
1264,2025-04-09,Android,Germany,B
1265,2025-04-02,Android,Germany,B
1266,2025-04-08,Android,France,B
1267,2025-04-05,Android,Germany,B
1268,2025-04-05,iOS,Germany,B
1269,2025-04-10,iOS,Ukraine,A
1270,2025-04-08,iOS,Poland,B
1271,2025-04-06,iOS,Germany,B
1272,2025-04-09,Android,UK,B
1273,2025-04-04,Android,Germany,B
1274,2025-04-07,iOS,UK,A
1275,2025-04-07,Android,UK,B
1276,2025-04-08,Android,Poland,A
1277,2025-04-02,Android,Poland,A
1278,2025-04-01,iOS,France,B
1279,2025-04-06,iOS,France,B
1280,2025-04-02,iOS,UK,B
1281,2025-04-05,iOS,Poland,B
1282,2025-04-09,iOS,UK,B
1283,2025-04-08,iOS,Poland,B
1284,2025-04-10,Android,France,B
1285,2025-04-05,iOS,France,A
1286,2025-04-08,iOS,France,A
1287,2025-04-05,iOS,France,B
1288,2025-04-03,Android,Poland,A
1289,2025-04-06,iOS,Germany,A
1290,2025-04-04,Android,UK,A
1291,2025-04-01,Android,Germany,B
1292,2025-04-09,iOS,France,A
1293,2025-04-07,Android,Poland,B
1294,2025-04-06,Android,UK,A
1295,2025-04-01,iOS,France,A
1296,2025-04-02,iOS,Germany,A
1297,2025-04-01,iOS,Germany,A
1298,2025-04-05,Android,Ukraine,B
1299,2025-04-02,Android,UK,B
1300,2025-04-05,Android,UK,A
1301,2025-04-05,iOS,Poland,A
1302,2025-04-06,Android,France,A
1303,2025-04-09,iOS,Germany,B
1304,2025-04-10,Android,Poland,B
1305,2025-04-05,Android,UK,A
1306,2025-04-02,iOS,UK,A
1307,2025-04-06,Android,Germany,B
1308,2025-04-07,iOS,France,A
1309,2025-04-09,Android,France,B
1310,2025-04-07,iOS,France,B
1311,2025-04-05,iOS,Germany,A
1312,2025-04-03,iOS,Germany,B
1313,2025-04-05,iOS,France,B
1314,2025-04-09,iOS,Ukraine,A
1315,2025-04-03,iOS,Germany,A
1316,2025-04-05,iOS,UK,A
1317,2025-04-04,iOS,Germany,A
1318,2025-04-06,iOS,UK,A
1319,2025-04-01,iOS,France,A
1320,2025-04-07,iOS,Poland,B
1321,2025-04-03,iOS,Germany,A
1322,2025-04-03,Android,Germany,B
1323,2025-04-06,iOS,UK,A
1324,2025-04-06,Android,Poland,B
1325,2025-04-09,iOS,UK,B
1326,2025-04-10,iOS,Germany,B
1327,2025-04-04,iOS,Germany,A
1328,2025-04-03,iOS,UK,A
1329,2025-04-10,iOS,France,A
1330,2025-04-04,Android,France,A
1331,2025-04-09,iOS,UK,B
1332,2025-04-09,Android,Germany,A
1333,2025-04-10,Android,France,A
1334,2025-04-04,Android,Germany,A
1335,2025-04-02,Android,France,A
1336,2025-04-07,iOS,Germany,A
1337,2025-04-02,iOS,France,B
1338,2025-04-07,iOS,Germany,A
1339,2025-04-06,Android,Germany,A
1340,2025-04-10,iOS,Germany,B
1341,2025-04-05,Android,France,B
1342,2025-04-08,Android,France,B
1343,2025-04-06,Android,France,A
1344,2025-04-08,iOS,Ukraine,B
1345,2025-04-03,iOS,UK,B
1346,2025-04-09,iOS,Germany,A
1347,2025-04-03,iOS,Germany,A
1348,2025-04-02,iOS,Poland,B
1349,2025-04-09,Android,UK,B
1350,2025-04-04,Android,Germany,A
1351,2025-04-06,iOS,Poland,A
1352,2025-04-03,iOS,France,B
1353,2025-04-03,iOS,Poland,B
1354,2025-04-05,iOS,Ukraine,B
1355,2025-04-04,iOS,Germany,A
1356,2025-04-06,Android,France,A
1357,2025-04-01,iOS,Germany,B
1358,2025-04-10,iOS,France,B
1359,2025-04-05,Android,Poland,A
1360,2025-04-03,iOS,Germany,B
1361,2025-04-07,iOS,Germany,A
1362,2025-04-09,iOS,Poland,A
1363,2025-04-07,Android,Poland,A
1364,2025-04-01,Android,Germany,A
1365,2025-04-08,Android,France,B
1366,2025-04-09,iOS,UK,B
1367,2025-04-06,Android,UK,A
1368,2025-04-10,Android,Poland,B
1369,2025-04-05,Android,UK,A
1370,2025-04-06,iOS,Poland,B
1371,2025-04-07,Android,France,A
1372,2025-04-09,iOS,Germany,A
1373,2025-04-08,Android,Germany,B
1374,2025-04-04,iOS,France,B
1375,2025-04-04,Android,Germany,A
1376,2025-04-08,iOS,Germany,B
1377,2025-04-09,iOS,France,B
1378,2025-04-10,Android,Germany,A
1379,2025-04-02,Android,France,B
1380,2025-04-08,iOS,France,A
1381,2025-04-02,Android,France,B
1382,2025-04-01,iOS,UK,B
1383,2025-04-05,iOS,Ukraine,A
1384,2025-04-09,iOS,France,B
1385,2025-04-04,Android,France,B
1386,2025-04-08,Android,UK,B
1387,2025-04-07,iOS,Germany,B
1388,2025-04-01,Android,France,A
1389,2025-04-03,iOS,Germany,B
1390,2025-04-02,iOS,France,B
1391,2025-04-04,Android,UK,B
1392,2025-04-05,iOS,France,A
1393,2025-04-08,iOS,Germany,B
1394,2025-04-05,iOS,Poland,A
1395,2025-04-01,iOS,Ukraine,B
1396,2025-04-10,iOS,Germany,B
1397,2025-04-01,iOS,UK,B
1398,2025-04-09,Android,UK,B
1399,2025-04-03,iOS,UK,A
1400,2025-04-03,Android,Poland,A
1401,2025-04-06,iOS,Germany,A
1402,2025-04-09,Android,France,B
1403,2025-04-10,iOS,Germany,B
1404,2025-04-09,iOS,Poland,A
1405,2025-04-05,iOS,Germany,B
1406,2025-04-01,iOS,France,A
1407,2025-04-02,iOS,France,B
1408,2025-04-09,iOS,Poland,A
1409,2025-04-01,Android,Poland,B
1410,2025-04-10,Android,UK,B
1411,2025-04-07,Android,Ukraine,B
1412,2025-04-04,Android,France,A
1413,2025-04-10,iOS,UK,A
1414,2025-04-06,iOS,Germany,B
1415,2025-04-10,iOS,Germany,A
1416,2025-04-08,Android,Germany,A
1417,2025-04-04,iOS,UK,B
1418,2025-04-01,Android,UK,A
1419,2025-04-02,Android,France,B
1420,2025-04-09,iOS,France,B
1421,2025-04-03,iOS,Germany,B
1422,2025-04-04,Android,UK,A
1423,2025-04-04,iOS,France,A
1424,2025-04-03,Android,UK,B
1425,2025-04-05,iOS,Germany,B
1426,2025-04-03,iOS,France,B
1427,2025-04-02,iOS,Poland,B
1428,2025-04-02,Android,Germany,A
1429,2025-04-03,Android,Poland,A
1430,2025-04-10,Android,Poland,B
1431,2025-04-06,Android,UK,B
1432,2025-04-04,iOS,UK,B
1433,2025-04-10,iOS,UK,A
1434,2025-04-08,iOS,Ukraine,A
1435,2025-04-01,iOS,France,B
1436,2025-04-01,Android,France,A
1437,2025-04-06,iOS,France,B
1438,2025-04-01,iOS,Poland,B
1439,2025-04-08,Android,France,B
1440,2025-04-04,iOS,Germany,A
1441,2025-04-09,iOS,Germany,A
1442,2025-04-04,Android,France,A
1443,2025-04-10,Android,Poland,A
1444,2025-04-06,Android,Germany,B
1445,2025-04-03,iOS,Poland,A
1446,2025-04-08,iOS,UK,A
1447,2025-04-07,iOS,Germany,B
1448,2025-04-06,iOS,Germany,B
1449,2025-04-06,Android,Poland,A
1450,2025-04-03,iOS,France,B
1451,2025-04-03,iOS,France,B
1452,2025-04-09,iOS,Poland,A
1453,2025-04-01,iOS,Germany,A
1454,2025-04-09,iOS,Germany,A
1455,2025-04-05,Android,France,A
1456,2025-04-01,iOS,UK,B
1457,2025-04-09,iOS,Poland,B
1458,2025-04-03,iOS,Poland,B
1459,2025-04-08,iOS,Poland,A
1460,2025-04-05,iOS,UK,B
1461,2025-04-10,iOS,France,B
1462,2025-04-03,Android,France,B
1463,2025-04-08,Android,Germany,B
1464,2025-04-08,Android,UK,A
1465,2025-04-04,iOS,Germany,B
1466,2025-04-04,iOS,France,B
1467,2025-04-01,iOS,France,B
1468,2025-04-04,iOS,Germany,B
1469,2025-04-09,iOS,Ukraine,A
1470,2025-04-04,iOS,France,A
1471,2025-04-06,iOS,Germany,A
1472,2025-04-01,iOS,France,B
1473,2025-04-01,iOS,Germany,A
1474,2025-04-08,Android,Poland,A
1475,2025-04-02,iOS,Germany,A
1476,2025-04-07,iOS,France,B
1477,2025-04-05,iOS,Poland,B
1478,2025-04-07,iOS,Germany,A
1479,2025-04-05,iOS,Poland,A
1480,2025-04-01,iOS,France,A
1481,2025-04-05,iOS,France,A
1482,2025-04-07,iOS,UK,A
1483,2025-04-04,Android,Poland,B
1484,2025-04-04,iOS,Poland,B
1485,2025-04-08,iOS,Germany,A
1486,2025-04-04,Android,France,B
1487,2025-04-06,Android,France,B
1488,2025-04-06,Android,France,B
1489,2025-04-08,Android,UK,A
1490,2025-04-09,iOS,UK,A
1491,2025-04-05,iOS,France,B
1492,2025-04-05,Android,Germany,B
1493,2025-04-06,Android,France,B
1494,2025-04-10,Android,UK,A
1495,2025-04-07,iOS,Germany,B
1496,2025-04-02,Android,Poland,A
1497,2025-04-10,iOS,UK,B
1498,2025-04-07,iOS,Germany,B
1499,2025-04-01,iOS,Ukraine,A
1500,2025-04-02,iOS,Poland,A
1501,2025-04-09,Android,Germany,B
1502,2025-04-05,Android,Germany,A
1503,2025-04-09,Android,Ukraine,A
1504,2025-04-01,iOS,France,A
1505,2025-04-01,iOS,France,B
1506,2025-04-07,Android,France,A
1507,2025-04-07,iOS,Poland,B
1508,2025-04-02,Android,UK,A
1509,2025-04-02,iOS,UK,B
1510,2025-04-04,iOS,France,B
1511,2025-04-10,Android,Germany,B
1512,2025-04-03,Android,Germany,B
1513,2025-04-10,iOS,UK,A
1514,2025-04-09,iOS,France,B
1515,2025-04-08,iOS,Poland,B
1516,2025-04-06,Android,France,B
1517,2025-04-05,iOS,Germany,B
1518,2025-04-01,iOS,Poland,B
1519,2025-04-10,iOS,France,A
1520,2025-04-06,iOS,Poland,A
1521,2025-04-06,iOS,UK,A
1522,2025-04-07,Android,Poland,A
1523,2025-04-05,iOS,UK,B
1524,2025-04-02,iOS,Germany,B
1525,2025-04-08,iOS,UK,B
1526,2025-04-01,iOS,Ukraine,A
1527,2025-04-05,Android,Germany,B
1528,2025-04-06,iOS,Poland,A
1529,2025-04-05,Android,France,A
1530,2025-04-09,Android,Germany,B
1531,2025-04-05,iOS,UK,B
1532,2025-04-06,iOS,UK,A
1533,2025-04-01,Android,UK,B
1534,2025-04-07,iOS,France,B
1535,2025-04-04,iOS,Germany,A
1536,2025-04-03,iOS,Ukraine,B
1537,2025-04-02,Android,Poland,A
1538,2025-04-01,iOS,France,A
1539,2025-04-08,iOS,Poland,A
1540,2025-04-10,Android,France,A
1541,2025-04-05,iOS,Poland,A
1542,2025-04-02,iOS,Poland,A
1543,2025-04-05,iOS,France,A
1544,2025-04-09,iOS,Poland,A
1545,2025-04-07,iOS,Poland,A
1546,2025-04-08,Android,France,B
1547,2025-04-02,Android,UK,A
1548,2025-04-10,Android,UK,B
1549,2025-04-06,iOS,France,B
1550,2025-04-02,Android,France,A
1551,2025-04-06,iOS,France,A
1552,2025-04-03,Android,UK,A
1553,2025-04-09,iOS,Poland,A
1554,2025-04-07,iOS,Germany,A
1555,2025-04-08,iOS,UK,B
1556,2025-04-01,iOS,Germany,A
1557,2025-04-03,Android,Poland,B
1558,2025-04-08,iOS,France,A
1559,2025-04-09,iOS,Poland,A
1560,2025-04-09,Android,Poland,B
1561,2025-04-01,Android,France,A
1562,2025-04-10,iOS,Germany,A
1563,2025-04-03,iOS,France,B
1564,2025-04-08,iOS,France,B
1565,2025-04-10,iOS,Germany,A
1566,2025-04-03,iOS,France,B
1567,2025-04-03,Android,France,A
1568,2025-04-01,iOS,UK,B
1569,2025-04-06,iOS,Germany,A
1570,2025-04-02,iOS,Germany,A
1571,2025-04-06,iOS,Germany,A
1572,2025-04-03,iOS,Ukraine,B
1573,2025-04-04,iOS,France,B
1574,2025-04-05,iOS,France,B
1575,2025-04-05,Android,France,A
1576,2025-04-10,Android,UK,A
1577,2025-04-02,iOS,Poland,A
1578,2025-04-02,Android,Germany,A
1579,2025-04-10,iOS,Germany,B
1580,2025-04-04,iOS,France,B
1581,2025-04-05,Android,France,A
1582,2025-04-08,Android,France,B
1583,2025-04-05,iOS,Germany,B
1584,2025-04-05,iOS,France,A
1585,2025-04-04,Android,Poland,B
1586,2025-04-03,iOS,UK,B
1587,2025-04-02,Android,Germany,A
1588,2025-04-10,iOS,UK,B
1589,2025-04-02,iOS,France,B
1590,2025-04-05,iOS,Germany,B
1591,2025-04-10,Android,Ukraine,B
1592,2025-04-06,iOS,UK,B
1593,2025-04-09,Android,Germany,B
1594,2025-04-10,iOS,France,B
1595,2025-04-05,iOS,UK,B
1596,2025-04-03,iOS,Germany,A
1597,2025-04-02,Android,Germany,B
1598,2025-04-06,iOS,Germany,B
1599,2025-04-06,iOS,France,B
1600,2025-04-03,Android,Poland,B
